date,new_confirmed
2021-07-13,1487
2021-07-12,528
2021-07-11,1013
2021-07-10,711
2021-07-09,2494
2021-07-08,2230
2021-07-07,2184
2021-07-06,2619
2021-07-05,490
2021-07-04,706
2021-07-03,2654
2021-07-02,2413
2021-07-01,2155
2021-06-30,4002
2021-06-28,568
2021-06-27,1095
2021-06-26,2511
2021-06-25,3038
2021-06-24,2808
2021-06-23,3172
2021-06-22,3720
2021-06-21,926
2021-06-20,1686
2021-06-19,2900
2021-06-16,3580
2021-06-15,4584
2021-06-13,1198
2021-06-12,3307
2021-06-11,3484
2021-06-10,3490
2021-06-09,934
2021-06-08,1331
2021-06-07,748
2021-06-06,1616
2021-06-05,3257
2021-06-04,1083
2021-06-03,3499
2021-05-31,996
2021-05-30,1520
2021-05-29,2125
2021-05-28,431
2021-05-27,2318
2021-05-26,3298
2021-05-25,2737
2021-05-24,898
2021-05-23,914
2021-05-22,3164
2021-05-21,2904
2021-05-20,3067
2021-05-19,2830
2021-05-18,2621
2021-05-17,2254
2021-05-15,2732
2021-05-14,3248
2021-05-13,2505
2021-05-12,2808
2021-05-11,2941
2021-05-10,538
2021-05-09,1285
2021-05-08,1998
2021-05-07,2513
2021-05-06,2400
2021-05-05,2599
2021-05-04,2724
2021-05-03,650
2021-05-02,3512
2021-04-30,3036
2021-04-29,3102
2021-04-28,3888
2021-04-27,3637
2021-04-26,1021
2021-04-25,4516
2021-04-23,4034
2021-04-22,2172
2021-04-21,3904
2021-04-20,3986
2021-04-19,1126
2021-04-18,930
2021-04-17,3723
2021-04-16,4256
2021-04-15,4161
2021-04-14,4072
2021-04-13,3885
2021-04-12,1331
2021-04-11,1689
2021-04-10,3679
2021-04-09,4397
2021-04-08,4671
2021-04-07,5123
2021-04-05,1126
2021-04-04,1359
2021-04-03,1311
2021-04-02,3743
2021-03-30,4748
2021-03-29,1242
2021-03-28,2010
2021-03-27,3709
2021-03-26,4241
2021-03-25,4214
2021-03-24,4491
2021-03-23,4149
2021-03-22,1232
2021-03-21,1633
2021-03-20,4049
2021-03-19,3973
2021-03-18,3741
2021-03-17,3971
2021-03-16,3829
2021-03-15,1303
2021-03-14,1645
2021-03-13,3118
2021-03-12,3097
2021-03-11,3270
2021-03-10,3321
2021-03-09,3313
2021-03-08,1067
2021-03-07,1350
2021-03-06,2716
2021-03-05,2862
2021-03-04,2572
2021-03-03,2668
2021-03-02,1920
2021-03-01,737
2021-02-28,857
2021-02-27,1914
2021-02-26,2133
2021-02-25,2592
2021-02-24,2449
2021-02-23,2282
2021-02-22,707
2021-02-21,829
2021-02-20,2151
2021-02-19,2139
2021-02-18,2495
2021-02-17,2685
2021-02-16,2347
2021-02-15,552
2021-02-14,585
2021-02-13,2203
2021-02-12,2529
2021-02-11,2153
2021-02-10,2810
2021-02-09,2737
2021-02-08,554
2021-02-07,802
2021-02-06,2419
2021-02-05,2422
2021-02-04,3213
2021-02-03,3036
2021-02-02,3138
2021-02-01,468
2021-01-31,764
2021-01-30,2721
2021-01-29,3267
2021-01-28,3545
2021-01-27,3293
2021-01-26,1167
2021-01-25,545
2021-01-24,894
2021-01-23,3001
2021-01-22,1716
2021-01-21,2868
2021-01-20,3399
2021-01-19,3466
2021-01-18,642
2021-01-17,1140
2021-01-16,3061
2021-01-15,3466
2021-01-14,2870
2021-01-13,3580
2021-01-12,2638
2021-01-11,675
2021-01-10,943
2021-01-09,2775
2021-01-08,3329
2021-01-07,3127
2021-01-06,3208
2021-01-05,2981
2021-01-04,551
2021-01-03,637
2021-01-02,1670
2020-12-29,3445
2020-12-28,484
2020-12-27,660
2020-12-26,423
2020-12-25,1012
2020-12-24,2298
2020-12-23,2413
2020-12-22,2351
2020-12-21,730
2020-12-19,2498
2020-12-18,2025
2020-12-17,4632
2020-12-15,916
2020-12-14,290
2020-12-13,201
2020-12-12,1848
2020-12-11,1954
2020-12-10,1996
2020-12-09,2175
2020-12-08,2045
2020-12-07,268
2020-12-06,643
2020-12-05,2149
2020-12-04,2112
2020-12-03,2075
2020-12-02,2059
2020-12-01,2232
2020-11-30,290
2020-11-29,589
2020-11-28,1408
2020-11-27,970
2020-11-26,1210
2020-11-25,2623
2020-11-24,1482
2020-11-23,305
2020-11-22,498
2020-11-21,3834
2020-11-19,1970
2020-11-18,1724
2020-11-17,2256
2020-11-16,187
2020-11-15,300
2020-11-14,1313
2020-11-13,1768
2020-11-12,1777
2020-11-11,946
2020-11-05,623
2020-11-04,1000
2020-11-03,187
2020-11-02,376
2020-10-31,705
2020-10-30,1256
2020-10-29,1289
2020-10-28,1088
2020-10-27,1331
2020-10-26,185
2020-10-25,423
2020-10-24,1186
2020-10-23,1430
2020-10-22,847
2020-10-21,802
2020-10-20,888
2020-10-19,69
2020-10-18,92
2020-10-17,2081
2020-10-15,1075
2020-10-14,1014
2020-10-13,188
2020-10-12,116
2020-10-11,418
2020-10-10,1210
2020-10-09,872
2020-10-08,1812
2020-10-06,1359
2020-10-03,1099
2020-10-02,925
2020-10-01,1143
2020-09-30,1228
2020-09-29,1373
2020-09-28,158
2020-09-27,123
2020-09-26,1104
2020-09-25,1219
2020-09-24,1387
2020-09-23,1223
2020-09-22,1526
2020-09-21,228
2020-09-20,281
2020-09-19,1443
2020-09-18,1581
2020-09-17,1510
2020-09-16,1442
2020-09-15,1501
2020-09-14,273
2020-09-13,294
2020-09-12,1316
2020-09-11,1352
2020-09-10,1505
2020-09-09,1653
2020-09-08,580
2020-09-06,290
2020-09-05,1245
2020-09-04,1166
2020-09-03,2496
2020-09-02,1579
2020-09-01,3042
2020-08-31,171
2020-08-30,1267
2020-08-28,2365
2020-08-27,2083
2020-08-26,1892
2020-08-25,2441
2020-08-24,327
2020-08-23,911
2020-08-22,3903
2020-08-21,825
2020-08-20,1649
2020-08-19,2181
2020-08-18,1771
2020-08-17,297
2020-08-16,347
2020-08-15,1532
2020-08-14,2784
2020-08-11,2915
2020-08-10,235
2020-08-09,587
2020-08-08,2038
2020-08-07,1910
2020-08-06,3457
2020-08-05,2823
2020-08-04,2574
2020-08-03,261
2020-08-02,770
2020-08-01,2114
2020-07-31,3876
2020-07-30,4857
2020-07-29,3119
2020-07-28,3681
2020-07-27,2250
2020-07-26,662
2020-07-25,2925
2020-07-24,2480
2020-07-23,2591
2020-07-22,3318
2020-07-21,1453
2020-07-20,275
2020-07-19,979
2020-07-18,1470
2020-07-17,1382
2020-07-16,1916
2020-07-15,1524
2020-07-14,4789
2020-07-13,1207
2020-07-12,1441
2020-07-11,1934
2020-07-10,2692
2020-07-09,2166
2020-07-08,2071
2020-07-07,2271
2020-07-06,360
2020-07-05,2109
2020-07-04,688
2020-07-03,2090
2020-07-01,2209
2020-06-30,2107
2020-06-29,907
2020-06-28,1346
2020-06-27,1596
2020-06-26,3852
2020-06-25,4050
2020-06-24,3047
2020-06-23,2483
2020-06-22,1191
2020-06-21,949
2020-06-20,184
2020-06-18,398
2020-06-17,456
2020-06-16,4228
2020-06-15,2250
2020-06-14,3173
2020-06-13,2403
2020-06-12,2546
2020-06-11,2619
2020-06-10,2431
2020-06-09,2327
2020-06-08,903
2020-06-07,935
2020-06-06,2408
2020-06-05,2106
2020-06-04,2570
2020-06-03,2334
2020-06-02,3317
2020-06-01,995
2020-05-31,1512
2020-05-30,2878
2020-05-29,3022
2020-05-28,3455
2020-05-27,1710
2020-05-26,1350
2020-05-25,677
2020-05-24,640
2020-05-23,1914
2020-05-22,1522
2020-05-21,1985
2020-05-20,1826
2020-05-19,1452
2020-05-18,257
2020-05-17,502
2020-05-16,1437
2020-05-15,2119
2020-05-14,1471
2020-05-13,1720
2020-05-12,911
2020-05-11,464
2020-05-10,520
2020-05-09,1420
2020-05-08,1094
2020-05-07,1086
2020-05-06,2047
2020-05-05,1067
2020-05-04,251
2020-05-03,328
2020-05-02,407
2020-05-01,938
2020-04-30,1511
2020-04-29,1241
2020-04-28,1408
2020-04-27,476
2020-04-26,415
2020-04-25,1298
2020-04-24,575
2020-04-23,534
2020-04-22,349
2020-04-21,527
2020-04-20,147
2020-04-19,240
2020-04-18,684
2020-04-17,836
2020-04-16,144
2020-04-15,1059
2020-04-14,287
2020-04-13,66
2020-04-12,221
2020-04-11,149
2020-04-10,505
2020-04-09,530
2020-04-08,689
2020-04-07,504
2020-04-06,142
2020-04-05,116
2020-04-04,294
2020-04-03,387
2020-04-02,397
2020-04-01,533
2020-03-31,652
2020-03-30,189
2020-03-27,145
2020-03-26,177
2020-03-25,416
2020-03-20,47
2020-03-19,45
2020-03-18,58
2020-03-17,11
2020-03-16,83
2020-03-14,18
2020-03-12,15
2020-03-11,11